sets_read,total_elements,avg_size_bits_per_element,number_queries,avg_time
57225,5509206378,5.17766,18859,2.99712
57225,5509206378,5.41253,18859,2.55952
57225,5509206378,5.84758,18859,1.58936