sets_read,total_elements,avg_size_bits_per_element,number_queries,avg_time
20000,1117416332,10.4224,17536,0.741056
20000,1117416332,12.2412,17536,0.714185
20000,1117416332,16.3615,17536,0.711935
