sets_read,total_elements,avg_size_bits_per_element,number_queries,avg_time
20000,1117416332,7.65409,17536,0.782471,2277
20000,1117416332,10.1381,17536,0.810008,2277
20000,1117416332,14.2689,17536,0.73322,2277
20000,1117416332,8.02875,17536,0.718575,2277
20000,1117416332,10.4122,17536,0.693517,2277
20000,1117416332,14.4661,17536,0.725343,2277
